item_id,category,description,source_document,section,input_type,owner,current_status,blocking_effect,prerequisite,notes
HHI-01,Prerequisite,Ethics approval — ETH-GOV-01 obtained,R_GOV_1_EXTERNAL_DECISION_REGISTER.csv,ETH-GOV-01,EXTERNAL_DECISION_REQUIRED,Ethics committee,NOT_OBTAINED,BLOCKING,None — this must come first,Hospital submission cannot proceed without ethics approval
HHI-02,Prerequisite,Ethics reference number inserted in hospital request,R_GOV_1_HOSPITAL_DATA_ACCESS_AND_SYSTEM_USE_REQUEST.md,Section 1,HUMAN_INPUT_REQUIRED,PI,MISSING,BLOCKING,HHI-01,Reference number is issued by ethics committee; PI must insert after approval
HHI-03,Identification,PI institution / hospital name,R_GOV_1_HOSPITAL_AUTHORIZATION_READINESS_DOSSIER.md,Part 1,HUMAN_INPUT_REQUIRED,PI,MISSING,BLOCKING,None,Replace [INSTITUTION] placeholder throughout
HHI-04,Identification,PI department / division,R_GOV_1_HOSPITAL_AUTHORIZATION_READINESS_DOSSIER.md,Part 1,HUMAN_INPUT_REQUIRED,PI,MISSING,BLOCKING,None,Department submitting the request
HHI-05,Identification,PI phone / secondary contact,R_GOV_1_HOSPITAL_AUTHORIZATION_READINESS_DOSSIER.md,Part 1,HUMAN_INPUT_REQUIRED,PI,MISSING,BLOCKING,None,For hospital authority queries
HHI-06,Study details,Official study title,R_GOV_1_HOSPITAL_AUTHORIZATION_READINESS_DOSSIER.md,Part 2,HUMAN_INPUT_REQUIRED,PI,MISSING,BLOCKING,Ethics protocol finalized,Match exactly the title approved by ethics committee
HHI-07,Study details,Data access period (start / end dates),R_GOV_1_HOSPITAL_DATA_ACCESS_AND_SYSTEM_USE_REQUEST.md,Section 1,HUMAN_INPUT_REQUIRED,PI,MISSING,BLOCKING,Ethics approval,Dates should align with protocol
HHI-08,Study details,Additional eHospital data domains beyond D01–D08,R_GOV_1_HOSPITAL_DATA_ACCESS_AND_SYSTEM_USE_REQUEST.md,Section 2,HUMAN_INPUT_REQUIRED,PI,MISSING,CONDITIONAL,None,Required only if PI needs data beyond the 8 permitted domains; otherwise confirm D01–D08 only
HHI-09,Study details,Justification for each of D01–D08 domains (minimum necessary),R_GOV_1_HOSPITAL_DATA_ACCESS_AND_SYSTEM_USE_REQUEST.md,Section 2,HUMAN_INPUT_REQUIRED,PI,INCOMPLETE,BLOCKING,None,Must demonstrate minimum-necessary access; justification per domain required
HHI-10,Team,Sub-investigator names and roles,R_GOV_1_HOSPITAL_ROLE_AND_APPROVAL_MATRIX.md,Section 3,HUMAN_INPUT_REQUIRED,PI,MISSING,BLOCKING,None,All investigators with access to system or data
HHI-11,Team,Data manager name and contact,R_GOV_1_HOSPITAL_ROLE_AND_APPROVAL_MATRIX.md,Section 3,HUMAN_INPUT_REQUIRED,PI,MISSING,BLOCKING,None,Person responsible for data management
HHI-12,Team,Statistician name and contact,R_GOV_1_HOSPITAL_ROLE_AND_APPROVAL_MATRIX.md,Section 3,HUMAN_INPUT_REQUIRED,PI,MISSING,BLOCKING,None,Person responsible for analysis
HHI-13,Team,Monitor name and contact,R_GOV_1_HOSPITAL_ROLE_AND_APPROVAL_MATRIX.md,Section 3,HUMAN_INPUT_REQUIRED,PI,MISSING,BLOCKING,None,Person responsible for monitoring
HHI-14,Team,eHospital data liaison name and contact (hospital IT side),R_GOV_1_HOSPITAL_ROLE_AND_APPROVAL_MATRIX.md,Section 3,HUMAN_INPUT_REQUIRED,Hospital IT,MISSING,BLOCKING,Hospital IT engagement,Hospital must designate a liaison
HHI-15,Approval,Hospital Director (or delegate) authorization,R_GOV_1_HOSPITAL_ROLE_AND_APPROVAL_MATRIX.md,Section 5,EXTERNAL_DECISION_REQUIRED,Hospital Director,NOT_OBTAINED,BLOCKING,HHI-01 (ethics),Institutional-level authorization
HHI-16,Approval,Research Management Office review and approval,R_GOV_1_HOSPITAL_ROLE_AND_APPROVAL_MATRIX.md,Section 5,EXTERNAL_DECISION_REQUIRED,Research Management Office,NOT_OBTAINED,BLOCKING,HHI-01 (ethics),Research governance review
HHI-17,Approval,Data Owner (Department Head / CMO) authorization,R_GOV_1_HOSPITAL_ROLE_AND_APPROVAL_MATRIX.md,Section 5,EXTERNAL_DECISION_REQUIRED,Department Head / CMO,NOT_OBTAINED,BLOCKING,HHI-01 (ethics),Data owner must authorize access to their data
HHI-18,Approval,IT Security Officer review and approval,R_GOV_1_HOSPITAL_INFORMATION_SECURITY_AND_INCIDENT_PLAN.md,Section 5,EXTERNAL_DECISION_REQUIRED,Hospital IT Security Officer,NOT_OBTAINED,BLOCKING,HHI-01 (ethics),Must review technical controls and gaps
HHI-19,Approval,Legal / Compliance Officer review,R_GOV_1_HOSPITAL_ROLE_AND_APPROVAL_MATRIX.md,Section 5,EXTERNAL_DECISION_REQUIRED,Legal Officer,NOT_OBTAINED,BLOCKING,HHI-01 (ethics),Regulatory compliance review (Circular 29; Decree 13)
HHI-20,Approval,Finance sign-off (if cost-recovery or budget involved),R_GOV_1_HOSPITAL_ROLE_AND_APPROVAL_MATRIX.md,Section 5,EXTERNAL_DECISION_REQUIRED,Finance,NOT_OBTAINED,CONDITIONAL,None,Required only if any cost recovery or infrastructure cost is involved
HHI-21,Technical,Data-flow diagram (PI + IT),R_GOV_1_HOSPITAL_DATA_ACCESS_AND_SYSTEM_USE_REQUEST.md,Section 4,EXTERNAL_DOCUMENT_REQUIRED,PI + Hospital IT,NOT_PREPARED,BLOCKING,Hospital IT engagement,Show eHospital → pseudonymization layer → analysis system → output; no PII flow
HHI-22,Technical,Technical controls implementation plan (SSO / MFA / RBAC / WORM / audit),R_GOV_1_HOSPITAL_INFORMATION_SECURITY_AND_INCIDENT_PLAN.md,Section 2,EXTERNAL_DOCUMENT_REQUIRED,PI + Hospital IT,NOT_PREPARED,BLOCKING,Hospital IT engagement,Required by hospital IT before authorization of any real data access
HHI-23,Technical,Secure data transfer channel confirmation,R_GOV_1_HOSPITAL_DATA_ACCESS_AND_SYSTEM_USE_REQUEST.md,Section 4,HUMAN_INPUT_REQUIRED,Hospital IT,MISSING,BLOCKING,HHI-21,PI + hospital IT must confirm secure channel (encrypted transfer; no clear-text PII)
HHI-24,Technical,Data format and extraction method confirmation,R_GOV_1_HOSPITAL_DATA_ACCESS_AND_SYSTEM_USE_REQUEST.md,Section 4,HUMAN_INPUT_REQUIRED,Hospital IT,MISSING,BLOCKING,HHI-21,Confirm CSV / HL7 FHIR / API; confirm pseudonymization applied at extraction
HHI-25,Technical,IT Security Officer sign-off in Infosec Plan Section 5,R_GOV_1_HOSPITAL_INFORMATION_SECURITY_AND_INCIDENT_PLAN.md,Section 5,EXTERNAL_SIGNATURE_REQUIRED,Hospital IT Security Officer,BLANK,BLOCKING,HHI-18,Must be signed before hospital authorization can be issued
HHI-26,Incident plan,IT Security Officer contact details,R_GOV_1_HOSPITAL_INFORMATION_SECURITY_AND_INCIDENT_PLAN.md,Section 4,HUMAN_INPUT_REQUIRED,Hospital IT,MISSING,BLOCKING,Hospital IT engagement,Required for incident notification
HHI-27,Incident plan,DPO contact details,R_GOV_1_HOSPITAL_INFORMATION_SECURITY_AND_INCIDENT_PLAN.md,Section 4,HUMAN_INPUT_REQUIRED,PI + Institution,MISSING,BLOCKING,None,Required for personal data breach notification (Decree 13)
HHI-28,Incident plan,Competent authority contact (Bộ Y tế / Cục CNTT),R_GOV_1_HOSPITAL_INFORMATION_SECURITY_AND_INCIDENT_PLAN.md,Section 4,HUMAN_INPUT_REQUIRED,Legal + Institution,MISSING,BLOCKING,None,For regulatory notification in serious breach
HHI-29,Incident plan,Ethics committee contact details (for breach notification),R_GOV_1_HOSPITAL_INFORMATION_SECURITY_AND_INCIDENT_PLAN.md,Section 4,HUMAN_INPUT_REQUIRED,PI,MISSING,CONDITIONAL,HHI-01 (ethics),Insert after ethics committee is identified
HHI-30,Data governance,Data retention / destruction plan (formal document),R_GOV_1_HOSPITAL_AUTHORIZATION_READINESS_DOSSIER.md,Part 5,EXTERNAL_DOCUMENT_REQUIRED,PI + Data Manager,NOT_PREPARED,BLOCKING,None,7–15 year tiers are referenced; formal signed plan required
HHI-31,Regulatory,Circular 29/2020/TT-BYT compliance confirmation,R_GOV_1_HOSPITAL_AUTHORIZATION_READINESS_DOSSIER.md,Part 7,HUMAN_INPUT_REQUIRED,PI + Legal,NOT_CONFIRMED,BLOCKING,None,Legal officer must confirm compliance
HHI-32,Regulatory,Decree 13/2023/ND-CP compliance confirmation,R_GOV_1_HOSPITAL_AUTHORIZATION_READINESS_DOSSIER.md,Part 7,HUMAN_INPUT_REQUIRED,PI + DPO,NOT_CONFIRMED,BLOCKING,None,Personal data processing compliance; DPO must be involved
HHI-33,External form,Hospital-specific institutional authorization form,R_GOV_1_HOSPITAL_AUTHORIZATION_CHECKLIST.md,Section 3,EXTERNAL_FORM_REQUIRED,PI + Hospital admin,NOT_OBTAINED,BLOCKING,None,Must be obtained from Hospital Administration; committee-specific form
HHI-34,PI attestation,PI final attestation,release_evidence/R_GOV_2/R_GOV_2_PI_FINAL_ATTESTATION_TEMPLATE.md,Section 2,HUMAN_INPUT_REQUIRED,PI,NOT_COMPLETED,BLOCKING,All prior items,Must be completed and signed by PI before submission
